측정 연도,측정 차수,정점명,정점 유형,위도,경도,수층,수심,수온,염분,수소이온농도,용존산소량,포화도,클로로필에이,투명도
2015,,제주항,,,,,1,14.88,33.11,,,,,
2015,,제주항,,,,,2,14.89,33.13,,,,,
2015,,제주항,,,,,3,14.9,33.13,,,,,
2015,,제주항,,,,,4,14.91,33.16,,,,,
2015,,제주항,,,,,5,14.94,33.25,,,,,
2015,,제주항,,,,,6,15,33.31,,,,,
2015,,제주항,,,,,7,15.04,33.29,,,,,
2015,,제주항,,,,,8,15.04,33.31,,,,,
2015,,제주항,,,,,9,15.07,33.42,,,,,
2015,,제주항,,,,,10,15.13,33.45,,,,,
2015,,제주항,,,,,11,15.15,33.42,,,,,
2015,,제주항,,,,,12,15.16,33.41,,,,,
2015,,제주항,,,,,13,15.16,33.46,,,,,
2015,,제주항,,,,,14,15.18,33.5,,,,,
2015,,제주항,,,,,15,15.22,33.57,,,,,
2015,,제주항,,,,,16,15.24,33.48,,,,,
2015,,제주항,,,,,17,15.23,33.53,,,,,
2015,,제주항,,,,,18,15.26,33.58,,,,,
2015,,제주항,,,,,19,15.28,33.57,,,,,
2015,,북촌,,,,,1,14.9,33.48,,,,,
2015,,북촌,,,,,2,14.91,33.48,,,,,
2015,,북촌,,,,,3,14.91,33.48,,,,,
2015,,북촌,,,,,4,14.91,33.49,,,,,
2015,,북촌,,,,,5,14.91,33.5,,,,,
2015,,북촌,,,,,6,14.91,33.52,,,,,
2015,,북촌,,,,,7,14.92,33.56,,,,,
2015,,북촌,,,,,8,14.92,33.58,,,,,
2015,,북촌,,,,,9,14.92,33.59,,,,,
2015,,북촌,,,,,10,14.9,33.61,,,,,
2015,,북촌,,,,,11,14.9,33.61,,,,,
2015,,북촌,,,,,12,14.9,33.61,,,,,
2015,,북촌,,,,,13,14.9,33.61,,,,,
2015,,북촌,,,,,14,14.9,33.62,,,,,
2015,,북촌,,,,,15,14.9,33.62,,,,,
2015,,북촌,,,,,16,14.9,33.62,,,,,
2015,,북촌,,,,,17,14.9,33.62,,,,,
2015,,북촌,,,,,18,14.9,33.61,,,,,
2015,,북촌,,,,,19,14.9,33.62,,,,,
2015,,용수,,,,,1,14.97,33.07,,,,,
2015,,용수,,,,,2,14.96,33.08,,,,,
2015,,용수,,,,,3,14.99,33.47,,,,,
2015,,용수,,,,,4,15.17,33.81,,,,,
2015,,용수,,,,,5,15.29,33.88,,,,,
2015,,용수,,,,,6,15.32,33.9,,,,,
2015,,용수,,,,,7,15.31,33.91,,,,,
2015,,용수,,,,,8,15.26,33.95,,,,,
2015,,용수,,,,,9,15.25,33.96,,,,,
2015,,용수,,,,,10,15.25,33.97,,,,,
2015,,용수,,,,,11,15.25,33.96,,,,,
2015,,용수,,,,,12,15.25,33.96,,,,,
2015,,용수,,,,,13,15.24,33.96,,,,,
2015,,용수,,,,,14,15.21,33.95,,,,,
2015,,한림,,,,,1,15.18,33.19,,,,,
2015,,한림,,,,,2,15.16,33.16,,,,,
2015,,한림,,,,,3,15.21,33.22,,,,,
2015,,한림,,,,,4,15.23,33.5,,,,,
2015,,한림,,,,,5,15.41,33.54,,,,,
2015,,하귀,,,,,1,15.9,33.78,,,,,
2015,,하귀,,,,,2,15.89,33.77,,,,,
2015,,하귀,,,,,3,15.85,33.71,,,,,
2015,,하귀,,,,,4,15.76,33.78,,,,,
2015,,하귀,,,,,5,15.73,33.8,,,,,
2015,,하귀,,,,,6,15.73,33.81,,,,,
2015,,하귀,,,,,7,15.72,33.82,,,,,
2015,,하귀,,,,,8,15.71,33.83,,,,,
2015,,하귀,,,,,9,15.7,33.83,,,,,
2015,,하귀,,,,,10,15.69,33.84,,,,,
2015,,하귀,,,,,11,15.69,33.84,,,,,
2015,,하귀,,,,,12,15.69,33.84,,,,,
2015,,하귀,,,,,13,15.69,33.84,,,,,
2015,,하귀,,,,,14,15.69,33.84,,,,,
2015,,하귀,,,,,15,15.69,33.84,,,,,
2015,,위미,,,,,1,15.58,32.71,,,,,
2015,,위미,,,,,2,15.58,32.68,,,,,
2015,,위미,,,,,3,15.57,32.72,,,,,
2015,,위미,,,,,4,15.55,32.84,,,,,
2015,,위미,,,,,5,15.53,33.02,,,,,
2015,,위미,,,,,6,15.53,33.14,,,,,
2015,,위미,,,,,7,15.53,33.29,,,,,
2015,,위미,,,,,8,15.52,33.47,,,,,
2015,,위미,,,,,9,15.5,33.48,,,,,
2015,,위미,,,,,10,15.44,33.46,,,,,
2015,,위미,,,,,11,15.33,33.46,,,,,
2015,,위미,,,,,12,15.2,33.48,,,,,
2015,,위미,,,,,13,15.12,33.54,,,,,
2015,,위미,,,,,14,15.11,33.54,,,,,
2015,,위미,,,,,15,15.1,33.54,,,,,
2015,,위미,,,,,16,15.08,33.58,,,,,
2015,,위미,,,,,17,15.13,33.56,,,,,
2015,,위미,,,,,18,15.14,33.54,,,,,
2015,,위미,,,,,19,15.14,33.55,,,,,
2015,,성산,,,,,1,14.84,33.69,,,,,
2015,,성산,,,,,2,14.85,33.69,,,,,
2015,,성산,,,,,3,14.82,33.65,,,,,
2015,,성산,,,,,4,14.81,33.65,,,,,
2015,,성산,,,,,5,14.81,33.65,,,,,
2015,,성산,,,,,6,14.81,33.65,,,,,
2015,,성산,,,,,7,14.81,33.65,,,,,
2015,,성산,,,,,8,14.81,33.65,,,,,
2015,,성산,,,,,9,14.81,33.65,,,,,
2015,,성산,,,,,10,14.8,33.65,,,,,
2015,,성산,,,,,11,14.8,33.66,,,,,
2015,,성산,,,,,12,14.81,33.71,,,,,
2015,,성산,,,,,13,14.84,33.71,,,,,
2015,,성산,,,,,14,14.87,33.72,,,,,
2015,,성산,,,,,15,14.89,33.72,,,,,
2015,,성산,,,,,16,14.9,33.72,,,,,
2015,,성산,,,,,17,14.91,33.75,,,,,
2015,,성산,,,,,18,14.96,33.89,,,,,
2015,,성산,,,,,19,15.15,33.89,,,,,
2015,,중문,,,,,1,15.92,33.88,,,,,
2015,,중문,,,,,2,15.95,33.84,,,,,
2015,,중문,,,,,3,15.89,33.84,,,,,
2015,,중문,,,,,4,15.87,33.84,,,,,
2015,,중문,,,,,5,15.85,33.83,,,,,
2015,,중문,,,,,6,15.83,33.82,,,,,
2015,,중문,,,,,7,15.81,33.83,,,,,
2015,,중문,,,,,8,15.79,33.84,,,,,
2015,,중문,,,,,9,15.79,33.84,,,,,
2015,,중문,,,,,10,15.79,33.84,,,,,
2015,,중문,,,,,11,15.78,33.85,,,,,
2015,,중문,,,,,12,15.78,33.86,,,,,
2015,,중문,,,,,13,15.78,33.88,,,,,
2015,,중문,,,,,14,15.78,33.93,,,,,
2015,,중문,,,,,15,15.77,33.94,,,,,
2015,,중문,,,,,16,15.74,33.94,,,,,
2015,,중문,,,,,17,15.68,33.9,,,,,
2015,,중문,,,,,18,15.57,33.98,,,,,
2015,,중문,,,,,19,15.54,34.01,,,,,
2015,,강정,,,,,1,16.25,33.96,,,,,
2015,,강정,,,,,2,16.24,33.88,,,,,
2015,,강정,,,,,3,16.18,33.92,,,,,
2015,,강정,,,,,4,16.14,33.94,,,,,
2015,,강정,,,,,5,16.09,33.97,,,,,
2015,,강정,,,,,6,16.07,33.98,,,,,
2015,,강정,,,,,7,16.05,33.99,,,,,
2015,,강정,,,,,8,16.04,34.01,,,,,
2015,,강정,,,,,9,16.03,34.01,,,,,
2015,,강정,,,,,10,16.03,34.01,,,,,
2015,,강정,,,,,11,16.04,34.01,,,,,
2015,,강정,,,,,12,16.04,34.01,,,,,
2015,,강정,,,,,13,16.04,34.01,,,,,
2015,,강정,,,,,14,16.04,34.01,,,,,
2015,,강정,,,,,15,16.05,34.01,,,,,
2015,,강정,,,,,16,16.05,34.01,,,,,
2015,,강정,,,,,17,16.05,34.01,,,,,
2015,,강정,,,,,18,16.05,34.01,,,,,
2015,,강정,,,,,19,16.04,34.01,,,,,
2015,,하모,,,,,1,15,33.32,,,,,
2015,,하모,,,,,2,14.99,33.3,,,,,
2015,,하모,,,,,3,14.98,33.3,,,,,
2015,,하모,,,,,4,14.97,33.33,,,,,
2015,,하모,,,,,5,14.97,33.49,,,,,
2015,,하모,,,,,6,15.04,33.65,,,,,
2015,,하모,,,,,7,15.14,33.85,,,,,
2015,,하모,,,,,8,15.23,33.81,,,,,
2015,,하모,,,,,9,15.26,33.82,,,,,
2015,,하모,,,,,10,15.28,33.84,,,,,
2015,,하모,,,,,11,15.29,33.84,,,,,
2015,,하모,,,,,12,15.3,33.85,,,,,
2017,1,위미,,,,표층,,14.9,34.3,,,,,
2017,1,표선,,,,표층,,14.5,34.3,,,,,
2017,1,성산,,,,표층,,13.5,34.4,,,,,
2017,1,행원,,,,표층,,13.1,34.5,,,,,
2017,1,북촌,,,,표층,,13.6,34.4,,,,,
2017,1,제주,,,,표층,,13.3,34.3,,,,,
2017,1,하귀,,,,표층,,14.1,34.2,,,,,
2017,1,한림,,,,표층,,13.9,34.2,,,,,
2017,1,용수,,,,표층,,14,34.3,,,,,
2017,1,신도,,,,표층,,14.1,34.2,,,,,
2017,1,하모,,,,표층,,14.2,34.2,,,,,
2017,1,중문,,,,표층,,14.3,34.2,,,,,
2017,1,강정,,,,표층,,14.5,34.3,,,,,
2017,2,위미,,,,표층,,15.2,34.4,,,,,
2017,2,표선,,,,표층,,15.2,34.3,,,,,
2017,2,성산,,,,표층,,13.6,34.3,,,,,
2017,2,행원,,,,표층,,13.8,34.3,,,,,
2017,2,북촌,,,,표층,,13.9,34.2,,,,,
2017,2,제주,,,,표층,,14.2,34.2,,,,,
2017,2,하귀,,,,표층,,14.2,34.3,,,,,
2017,2,한림,,,,표층,,13.9,34.2,,,,,
2017,2,용수,,,,표층,,14.3,34.3,,,,,
2017,2,신도,,,,표층,,14.1,34.2,,,,,
2017,2,하모,,,,표층,,14.7,34.3,,,,,
2017,2,중문,,,,표층,,15.9,34.4,,,,,
2017,2,강정,,,,표층,,15.3,34.4,,,,,
2017,3,위미,,,,표층,,15.6,34.4,,,,,
2017,3,표선,,,,표층,,16.1,34.4,,,,,
2017,3,성산,,,,표층,,15.3,34.4,,,,,
2017,3,행원,,,,표층,,15.6,34.5,,,,,
2017,3,북촌,,,,표층,,15.8,34.4,,,,,
2017,3,제주,,,,표층,,15.2,34.1,,,,,
2017,3,하귀,,,,표층,,15.5,34.4,,,,,
2017,3,한림,,,,표층,,15.3,34.4,,,,,
2017,3,용수,,,,표층,,15.3,34.2,,,,,
2017,3,신도,,,,표층,,15.3,34.3,,,,,
2017,3,하모,,,,표층,,15.4,34.4,,,,,
2017,3,중문,,,,표층,,15.6,34.4,,,,,
2017,3,강정,,,,표층,,16.6,34.5,,,,,
2017,4,위미,,,,표층,,19.7,33.4,,,,,
2017,4,표선,,,,표층,,18.8,33.7,,,,,
2017,4,성산,,,,표층,,19.5,33.4,,,,,
2017,4,행원,,,,표층,,18,33.8,,,,,
2017,4,북촌,,,,표층,,17.8,33.7,,,,,
2017,4,제주,,,,표층,,17.6,34,,,,,
2017,4,하귀,,,,표층,,17.8,34.1,,,,,
2017,4,한림,,,,표층,,17.6,34.1,,,,,
2017,4,용수,,,,표층,,17.5,34.3,,,,,
2017,4,신도,,,,표층,,17.7,34.1,,,,,
2017,4,하모,,,,표층,,18.7,33.9,,,,,
2017,4,중문,,,,표층,,19.2,33.8,,,,,
2017,4,강정,,,,표층,,19,33.7,,,,,
2017,5,위미,,,,표층,,21.5,32.7,,,,,
2017,5,표선,,,,표층,,20.9,32.9,,,,,
2017,5,성산,,,,표층,,19.5,33.3,,,,,
2017,5,행원,,,,표층,,20.8,32.9,,,,,
2017,5,북촌,,,,표층,,21,32.9,,,,,
2017,5,제주,,,,표층,,21.3,32.8,,,,,
2017,5,하귀,,,,표층,,21.1,32.9,,,,,
2017,5,한림,,,,표층,,21,32.9,,,,,
2017,5,용수,,,,표층,,19.7,33.2,,,,,
2017,5,신도,,,,표층,,21.3,32.9,,,,,
2017,5,하모,,,,표층,,20.4,32.9,,,,,
2017,5,중문,,,,표층,,21.7,32.7,,,,,
2017,5,강정,,,,표층,,20.9,32.8,,,,,
2017,6,위미,,,,표층,,20.8,33.4,,,,,
2017,6,표선,,,,표층,,22.9,33.9,,,,,
2017,6,성산,,,,표층,,23.3,33,,,,,
2017,6,행원,,,,표층,,22.7,32.7,,,,,
2017,6,북촌,,,,표층,,21.7,32.9,,,,,
2017,6,제주,,,,표층,,21.5,33,,,,,
2017,6,하귀,,,,표층,,21.3,33.3,,,,,
2017,6,한림,,,,표층,,20.9,33.3,,,,,
2017,6,용수,,,,표층,,21.5,33.2,,,,,
2017,6,신도,,,,표층,,20.7,33.4,,,,,
2017,6,하모,,,,표층,,21.1,33.4,,,,,
2017,6,중문,,,,표층,,21.9,33.2,,,,,
2017,6,강정,,,,표층,,23.6,32.8,,,,,
2017,7,표선,,,,표층,,27.7,31.8,,,,,
2017,7,성산,,,,표층,,23,32.4,,,,,
2017,7,북촌,,,,표층,,22.8,32.1,,,,,
2017,7,제주,,,,표층,,25.4,32.3,,,,,
2017,7,한림,,,,표층,,26.9,32.3,,,,,
2017,7,신도,,,,표층,,23,32.5,,,,,
2017,7,하모,,,,표층,,26,31.9,,,,,
2017,7,중문,,,,표층,,28.4,31.6,,,,,
2017,8,위미,,,,표층,,25.1,33.5,,,,,
2017,8,표선,,,,표층,,25.8,33.7,,,,,
2017,8,성산,,,,표층,,23.1,33.4,,,,,
2017,8,행원,,,,표층,,24.6,33.8,,,,,
2017,8,북촌,,,,표층,,24.8,33.8,,,,,
2017,8,제주,,,,표층,,23.8,33.9,,,,,
2017,8,하귀,,,,표층,,24.4,33.6,,,,,
2017,8,한림,,,,표층,,23.9,33.5,,,,,
2017,8,용수,,,,표층,,24.7,34.3,,,,,
2017,8,신도,,,,표층,,25.3,33.8,,,,,
2017,8,하모,,,,표층,,25.5,34.1,,,,,
2017,8,중문,,,,표층,,25.7,34.1,,,,,
2017,8,강정,,,,표층,,25.1,33.5,,,,,
2017,9,위미,,,,표층,,21.6,32.7,,,,,
2017,9,표선,,,,표층,,21.2,33.3,,,,,
2017,9,성산,,,,표층,,20.1,33.6,,,,,
2017,9,행원,,,,표층,,19.8,33.7,,,,,
2017,9,북촌,,,,표층,,19.7,33.7,,,,,
2017,9,제주,,,,표층,,19.8,33.6,,,,,
2017,9,하귀,,,,표층,,20.4,33.6,,,,,
2017,9,한림,,,,표층,,20,33.4,,,,,
2017,9,용수,,,,표층,,19.8,33.6,,,,,
2017,9,신도,,,,표층,,20.8,33.4,,,,,
2017,9,하모,,,,표층,,21.5,33.3,,,,,
2017,9,중문,,,,표층,,22,33.3,,,,,
2017,9,강정,,,,표층,,21.8,33.2,,,,,
2018,1,귀덕,연안,,,표층,,15.7,34.7,8.05,7.49,93.2,0.59,5.5
2018,1,귀덕,연안,,,저층,,15.8,34.5,8.08,8.3,103.5,1.09,5.5
2018,1,귀덕,외해,,,표층,,16,34.66,8.05,7.7,96.2,0.52,6
2018,1,귀덕,외해,,,저층,,15.9,34.72,8.06,8.03,100.1,0.72,6
2018,1,사계,연안,,,표층,,17.6,34.63,8.09,7.96,102.7,1.17,10
2018,1,사계,연안,,,저층,,17.6,34.58,8.09,7.78,99.3,1.8,10
2018,1,사계,외해,,,표층,,17.5,34.64,8.13,8.1,104.07,1.46,10
2018,1,사계,외해,,,저층,,17.6,34.73,8.14,8.07,104,0.65,10
2018,1,우도(비양),연안,,,표층,,15.9,34.75,8.09,7.71,96.4,0.55,5.5
2018,1,우도(비양),연안,,,저층,,16.8,34.56,8.05,7.72,98,0.48,5.5
2018,1,우도(비양),외해,,,표층,,16.4,34.76,8.12,8.43,106.2,0.54,9.6
2018,1,우도(비양),외해,,,저층,,16.5,34.75,8.05,7.73,97.9,0.6,9.6
2018,1,추자(횡간),연안,,,표층,,14.8,34.04,8.07,8.03,97.5,2.84,5
2018,1,추자(횡간),연안,,,저층,,16.2,33.89,8.07,8,100,1.2,5
2018,1,추자(횡간),외해,,,표층,,14.6,34.02,8.08,8.05,97.6,1.27,7
2018,1,추자(횡간),외해,,,저층,,15.9,33.96,8.05,8.08,100.3,0.72,7
2018,1,평대,연안,,,표층,,16.5,34.66,8.11,8.8,101.2,1.21,4.8
2018,1,평대,연안,,,저층,,16.4,34.68,8.05,7.66,96.9,1.86,4.8
2018,1,평대,외해,,,표층,,16.4,34.86,7.99,7.35,92.8,1.21,6.8
2018,1,평대,외해,,,저층,,16.3,34.48,8.06,8.06,101.3,1.34,6.8
2018,1,표선,연안,,,표층,,15.6,34.78,8.06,7.57,93.6,0.97,5
2018,1,표선,연안,,,저층,,15.5,34.49,8.08,8.25,102.3,1.02,5
2018,1,표선,외해,,,표층,,15.8,34.82,8.09,7.63,95,1.21,8
2018,1,표선,외해,,,저층,,15.6,34.51,8.05,7.72,95.6,1.34,8
2018,2,귀덕,연안,,,표층,,21.6,33.36,8.16,7.42,101.9,0.1,5
2018,2,귀덕,연안,,,저층,,21.2,33.45,8.19,7.45,101.4,0.1,5
2018,2,귀덕,외해,,,표층,,21.3,32.98,8.17,7.37,101,4.95,6
2018,2,귀덕,외해,,,저층,,21.1,33.52,8.18,7.21,98.4,1.95,6
2018,2,사계,연안,,,표층,,22.6,32.87,8.21,7.52,105.2,0.59,5
2018,2,사계,연안,,,저층,,21.8,32.98,8.22,7.65,105.8,0.36,5
2018,2,사계,외해,,,표층,,22.5,32.88,8.25,7.67,106.8,0.1,13.3
2018,2,사계,외해,,,저층,,20.9,33.44,8.23,7.46,101.2,0.76,13.3
2018,2,우도(비양),연안,,,표층,,19.5,33.64,8.2,7.83,104,1.07,5
2018,2,우도(비양),연안,,,저층,,20,33.8,8.17,7.86,105.6,0.95,5
2018,2,우도(비양),외해,,,표층,,19.5,33.65,8.21,7.9,105.1,0.61,10
2018,2,우도(비양),외해,,,저층,,20.2,33.77,8.17,7.77,104.5,0.52,10
2018,2,추자(횡간),연안,,,표층,,17.9,33.86,8.16,7.88,101.6,0.45,4
2018,2,추자(횡간),연안,,,저층,,17.8,33.98,8.14,7.76,100.2,0.72,4
2018,2,추자(횡간),외해,,,표층,,17.8,34.02,8.14,7.78,100.5,0.99,7
2018,2,추자(횡간),외해,,,저층,,18,33.99,8.16,7.73,99.9,1.27,7
2018,2,평대,연안,,,표층,,20.8,33.63,8.18,7.38,100.2,0.23,5
2018,2,평대,연안,,,저층,,20.8,33.14,8.2,7.62,103,0.46,5
2018,2,평대,외해,,,표층,,20.8,33.18,8.2,7.47,101.3,0.8,10
2018,2,평대,외해,,,저층,,20.9,33.05,8.17,7.64,103.7,0.65,10
2018,2,표선,연안,,,표층,,19.6,33.34,8.15,7.42,98.6,1.07,5
2018,2,표선,연안,,,저층,,20,33.41,8.12,7.54,101.1,0.88,5
2018,2,표선,외해,,,표층,,19.9,33.1,8.15,7.5,100.5,0.53,12.2
2018,2,표선,외해,,,저층,,20.1,33.44,8.07,8.18,109.5,0.71,12.2
2018,3,귀덕,연안,,,표층,,27.3,32.86,8.24,7.56,99.2,0.77,5
2018,3,귀덕,연안,,,저층,,21.8,32.83,8.26,7.45,98.8,0.34,5
2018,3,귀덕,외해,,,표층,,28,32.83,8.27,7.45,99.4,0.61,8
2018,3,귀덕,외해,,,저층,,21,33.18,8.22,7.57,98.7,0.6,8
2018,3,사계,연안,,,표층,,23.2,33.17,8.17,6.75,95.6,0.27,5
2018,3,사계,연안,,,저층,,23.7,33.14,8.21,6.83,97.6,0.27,5
2018,3,사계,외해,,,표층,,23.4,33.06,8.24,6.9,98,0.34,5
2018,3,사계,외해,,,저층,,23,33.29,8.24,6.74,95.3,0.24,5
2018,3,우도(비양),연안,,,표층,,28.2,32.45,8.17,6.71,102.9,0.44,5
2018,3,우도(비양),연안,,,저층,,28,32.38,8.24,6.73,103,0.41,5
2018,3,우도(비양),외해,,,표층,,27.7,32.49,8.24,6.69,101.9,0.4,13
2018,3,우도(비양),외해,,,저층,,26.2,32.86,8.24,6.78,101,0.23,13
2018,3,추자(횡간),연안,,,표층,,20.9,32.92,8.15,7.44,100.9,0.38,5
2018,3,추자(횡간),연안,,,저층,,21.1,33.03,8.07,7.42,100.8,0.63,5
2018,3,추자(횡간),외해,,,표층,,20.4,32.95,8.22,7.53,101.2,0.55,5
2018,3,추자(횡간),외해,,,저층,,20.5,33.07,8.1,7.44,100.4,0.45,5
2018,3,평대,연안,,,표층,,24.1,32.63,8.23,7.41,106.2,0.65,5
2018,3,평대,연안,,,저층,,23.3,32.67,8.21,7.75,109.5,0.31,5
2018,3,평대,외해,,,표층,,23,32.89,8.06,7.07,99.8,0.46,6.5
2018,3,평대,외해,,,저층,,22.8,32.7,8.23,7.13,100,0.53,6.5
2018,3,표선,연안,,,표층,,21.5,33.01,8.22,7.36,101,0.88,4
2018,3,표선,연안,,,저층,,21.5,33.02,8.22,7.34,100.8,0.72,4
2018,3,표선,외해,,,표층,,21.5,32.98,8.21,7.39,101.4,1.02,4
2018,3,표선,외해,,,저층,,21.4,33.62,8.21,7.33,100.5,0.65,4
2018,4,귀덕,연안,,,표층,,21.1,33.77,8.31,6.72,92,0.46,5
2018,4,귀덕,연안,,,저층,,21.3,33.66,8.17,6.78,93.1,0.24,5
2018,4,귀덕,외해,,,표층,,20.9,33.57,8.07,6.6,90,0.48,8
2018,4,귀덕,외해,,,저층,,21.1,33.9,8.29,6.65,91.2,0.24,8
2018,4,사계,연안,,,표층,,22,34.15,8.33,6.96,97.1,0.68,5
2018,4,사계,연안,,,저층,,22,34.13,8.33,7.04,98.2,0.48,5
2018,4,사계,외해,,,표층,,22,34.16,8.32,6.98,97.2,0.6,8
2018,4,사계,외해,,,저층,,21.8,33.96,8.35,7.04,97.8,0.7,8
2018,4,우도(비양),연안,,,표층,,21.1,34.06,8.31,6.98,95.7,2.85,5
2018,4,우도(비양),연안,,,저층,,21,33.8,8.29,6.98,95.5,2.87,5
2018,4,우도(비양),외해,,,표층,,21.3,34.08,8.25,7.02,96.7,0.97,6.5
2018,4,우도(비양),외해,,,저층,,20.9,33.92,8.25,7.03,96.1,0.41,6.5
2018,4,추자(횡간),연안,,,표층,,19.3,33.64,8.26,7.01,92.9,0.73,5
2018,4,추자(횡간),연안,,,저층,,19.3,33.64,8.32,6.98,92.6,0.58,5
2018,4,추자(횡간),외해,,,표층,,19.4,33.65,8.31,7.07,92.2,0.53,8
2018,4,추자(횡간),외해,,,저층,,19.1,33.52,8.31,7.24,95.6,0.47,8
2018,4,평대,연안,,,표층,,20.2,33.88,8.21,7.27,97.9,1.02,5
2018,4,평대,연안,,,저층,,20.2,33.9,8.3,7.15,96.3,0.2,5
2018,4,평대,외해,,,표층,,19.8,33.89,8.25,6.99,93.5,2.51,8.5
2018,4,평대,외해,,,저층,,19.7,33.71,8,7.1,94.8,2.81,8.5
2018,4,표선,연안,,,표층,,21.2,33.95,8.34,6.78,93.1,0.24,5
2018,4,표선,연안,,,저층,,21.1,33.9,8.37,6.87,94.2,0,5
2018,4,표선,외해,,,표층,,21.1,33.88,8.24,7.25,99.3,0.12,10
2018,4,표선,외해,,,저층,,20.8,33.78,8.27,7.08,96.4,0.36,10
2019,1,귀덕,,,,표층,,15.6,34.16,8.09,7.97,99.4,0.66,9
2019,1,귀덕,,,,저층,,15.6,34.33,8.34,8.14,100.6,0.55,9
2019,1,조천,,,,표층,,14.8,34.36,8.17,7.77,94.7,0.97,8.8
2019,1,조천,,,,저층,,14.7,34.26,8.17,7.18,87.2,0.63,8.8
2019,1,평대,,,,표층,,14.2,34.35,8.38,8.15,98.4,0.29,10
2019,1,평대,,,,저층,,14.2,34.37,8.39,7.42,89.4,0.22,10
2019,1,우도,,,,표층,,15.1,34.31,8.3,8.24,101,0.55,9
2019,1,우도,,,,저층,,15,34.46,8.31,7.55,91.2,0.34,9
2019,1,추자,,,,표층,,11.3,32.85,8.21,7.99,89.7,0.55,1.5
2019,1,추자,,,,저층,,11.2,33.31,8.22,8.03,90.2,0.45,1.5
2019,1,일과,,,,표층,,15.3,34.29,8.28,8.04,99.1,0.11,9
2019,1,일과,,,,저층,,15.5,34.45,8.35,7.28,90.1,0.12,9
2019,1,사계,,,,표층,,15.6,34.54,8.44,8.53,105.8,0.57,10.5
2019,1,사계,,,,저층,,15.5,34.38,8.44,7.86,97.3,0.45,10.5
2019,1,표선,,,,표층,,15.9,34.53,8.22,8.12,100.7,0.44,11.3
2019,1,표선,,,,저층,,15.7,34.51,8.19,7.89,97.5,0.67,11.3
2020,1,귀덕,,,,표층,,15.3,34.9,8.16,8.08,99.8,1.17,9.5
2020,1,귀덕,,,,저층,,15.2,34.9,8.17,8.34,102.9,0.82,9.5
2020,1,조천,,,,표층,,15.4,34.82,8.15,8.12,100.5,0.48,8
2020,1,조천,,,,저층,,15.2,34.82,8.14,7.21,88.9,0.79,8
2020,1,평대,,,,표층,,15.2,34.91,8.05,7.96,98.1,0.69,7.5
2020,1,평대,,,,저층,,15.1,34.84,8.09,7.16,88.2,0.58,7.5
2020,1,우도,,,,표층,,15.6,34.96,8.17,8.31,103.3,2.7,7
2020,1,우도,,,,저층,,15.1,34.97,8.18,7.46,91.9,1.36,7
2020,1,추자,,,,표층,,11.9,34,7.97,8.49,97.5,0.78,1.5
2020,1,추자,,,,저층,,11.9,34,8.26,8.43,96.7,0.9,1.5
2020,1,일과,,,,표층,,15.2,34.23,8.07,7.92,97.3,1.17,6
2020,1,일과,,,,저층,,14.8,34.55,8.17,6.78,82.8,0.82,6
2020,1,사계,,,,표층,,16.6,34.46,8.2,8.13,102.7,2.2,8
2020,1,사계,,,,저층,,16.5,34.5,8.22,6.63,83.7,2.23,8
2020,1,표선,,,,표층,,16.1,34.82,8.16,7.83,98.1,2.21,8
2020,1,표선,,,,저층,,16,34.88,8.17,6.48,81.3,2.75,8
2020,2,귀덕,,,,표층,,17.06,33.13,8.83,8.84,111.8,1.29,10
2020,2,귀덕,,,,저층,,16.58,33.77,8.8,8.41,105.8,0.52,10
2020,2,조천,,,,표층,,16.5,32.56,8.04,7.9,103.2,0.87,12
2020,2,조천,,,,저층,,16.4,32.83,8.1,7.83,100.8,0.97,12
2020,2,평대,,,,표층,,16.2,32.56,8.07,8.23,105.6,0.84,9
2020,2,평대,,,,저층,,16.2,32.83,8.12,8.03,103.1,0.62,9
2020,2,우도,,,,표층,,16.3,33.09,8.03,7.99,101.8,0.62,8
2020,2,우도,,,,저층,,16.8,33.1,8.11,7.92,102,0.61,8
2020,2,추자,,,,표층,,13.42,33.38,8.68,8.73,102.9,1.07,5
2020,2,추자,,,,저층,,13.31,33.4,8.67,8.63,101.5,0.74,5
2020,2,일과,,,,표층,,16.6,33.67,7.97,7.2,92.8,0.82,8
2020,2,일과,,,,저층,,16.6,33.73,7.99,7.19,92.7,0.95,8
2020,2,사계,,,,표층,,17.1,33.85,8.04,7.78,102.5,2.26,10
2020,2,사계,,,,저층,,17,33.86,8.04,7.45,97.9,1.19,10
2020,2,표선,,,,표층,,15.6,34.79,7.8,6.6,82.6,0.83,11
2020,2,표선,,,,저층,,15.7,34.77,7.84,6.62,83.1,0.84,11
2020,3,귀덕,,,,표층,,25.2,32.04,8.27,7.26,105.7,1.62,10
2020,3,귀덕,,,,저층,,21.3,33.12,8.27,7.25,99.3,0.51,10
2020,3,조천,,,,표층,,25.5,32.03,8.27,7.02,102.8,0.29,11
2020,3,조천,,,,저층,,23.9,32.58,8.26,7.05,100.8,0.62,11
2020,3,평대,,,,표층,,23.7,32.69,7.95,7.39,105.2,0.94,8
2020,3,평대,,,,저층,,22.7,32.96,8.03,7.1,99.5,0.74,8
2020,3,우도,,,,표층,,20.9,32.87,8.29,7.13,96.8,0.4,12
2020,3,우도,,,,저층,,17.8,33.8,8.23,6.22,80,0.52,12
2020,3,추자,,,,표층,,24.1,32.43,8.05,7.08,100.3,0.3,8
2020,3,추자,,,,저층,,20.1,33.16,8.02,6.51,87.1,0.54,8
2020,3,일과,,,,표층,,24.1,32.72,8.29,7.22,103.6,0.4,8
2020,3,일과,,,,저층,,21.4,33.16,8.25,6.84,93.8,0.29,8
2020,3,사계,,,,표층,,22.4,32.67,8.27,7.73,107.7,0.4,12
2020,3,사계,,,,저층,,20.3,33.28,8.24,6.86,92.4,0.61,12
2020,3,표선,,,,표층,,26.8,31.22,8.18,6.64,98.9,0.52,10
2020,3,표선,,,,저층,,26.1,31.7,8.17,6.47,95.5,0.85,10
2020,4,귀덕,,,,표층,,21.52,33.81,8.1,6.73,92.9,1.42,8
2020,4,귀덕,,,,저층,,21.63,34.01,6.51,8.12,90.2,0.74,8
2020,4,조천,,,,표층,,22.21,34.03,8.18,6.59,92.1,0.65,10
2020,4,조천,,,,저층,,22.2,34.03,8.18,6.51,91,0.64,10
2020,4,평대,,,,표층,,20.17,34.02,8.05,6.78,91.4,0.97,7
2020,4,평대,,,,저층,,20.24,34.03,8.11,6.66,89.9,0.96,7
2020,4,우도,,,,표층,,21.37,34.21,8.12,6.97,96.2,0.84,10
2020,4,우도,,,,저층,,21.38,34.2,8.15,6.84,94.4,0.72,10
2020,4,추자,,,,표층,,16.64,33.14,7.99,6.64,83.3,1.41,5
2020,4,추자,,,,저층,,16.66,33.13,8.04,6.48,81.4,1.42,5
2020,4,일과,,,,표층,,21.48,33.82,8.15,6.91,95.2,0.84,11
2020,4,일과,,,,저층,,21.59,33.91,8.17,6.78,93.8,0.52,11
2020,4,사계,,,,표층,,20.57,34.56,8.19,7.63,103.9,0.72,7
2020,4,사계,,,,저층,,20.94,34.28,8.21,7.01,96,0.72,7
2020,4,표선,,,,표층,,21.82,33.84,8.1,6.94,96.2,0.97,9
2020,4,표선,,,,저층,,22.02,34,8.16,6.76,94.2,0.96,9
2021,1,조천,,33.547402,126.630983,표층,,14.8,34.96,8.25,8.25,100.9,0.44,9
2021,1,조천,,33.547402,126.630983,저층,,14.8,34.96,8.28,8.16,99.8,0.65,9
2021,1,평대,,33.539425,126.847253,표층,,15.6,34.91,8.27,8.35,103.8,0.56,8
2021,1,평대,,33.539425,126.847253,저층,,15.5,34.92,8.28,8.24,102.2,1.14,8
2021,1,우도,,33.510485,126.976897,표층,,15.1,34.95,8.34,8.32,102.4,0.29,12
2021,1,우도,,33.510485,126.976897,저층,,15,34.96,8.34,8.36,102.7,0.55,12
2021,1,표선,,33.310963,126.84267,표층,,14.9,34.81,8.15,8.19,100.4,0.28,10
2021,1,표선,,33.310963,126.84267,저층,,14.9,34.89,8.19,8.12,99.6,0.45,10
2021,1,일과,,33.23898,126.218788,표층,,16.2,34.91,8.29,7.96,100.1,1.3,11
2021,1,일과,,33.23898,126.218788,저층,,16.1,34.96,8.33,7.92,99.6,1.07,11
2021,1,귀덕,,33.449008,126.277462,표층,,15,34.95,8.29,8.25,101.3,0.67,9
2021,1,귀덕,,33.449008,126.277462,저층,,14.9,34.97,8.3,8.2,100.6,0.63,9
2021,1,추자,,33.002008,126.336012,표층,,11.2,33.91,8.2,8.94,100.9,0.41,3
2021,1,추자,,33.002008,126.336012,저층,,11.7,34.21,8.25,8.71,99.5,0.69,3
2021,1,사계,,33.207283,126.312183,표층,,16.3,34.96,8.23,7.96,100.3,0.56,10
2021,1,사계,,33.207283,126.312183,저층,,16.2,34.98,8.25,7.88,99.2,0.97,10
2021,2,조천,,33.547402,126.630983,표층,,17.9,34.67,8.34,7.51,97.5,0.71,10
2021,2,조천,,33.547402,126.630983,저층,,17.5,34.8,8.32,7.24,93.3,0.5,10
2021,2,평대,,33.539425,126.847253,표층,,17.9,34.64,8.28,7.61,98.7,0.33,10
2021,2,평대,,33.539425,126.847253,저층,,17.9,34.65,8.3,7.54,97.8,0.62,10
2021,2,우도,,33.510485,126.976897,표층,,16.2,34.92,8.34,7.67,96.4,0.37,7
2021,2,우도,,33.510485,126.976897,저층,,15.9,34.94,8.33,7.54,94.4,0.64,7
2021,2,표선,,33.310963,126.84267,표층,,19.2,34.69,8.37,7.84,104.1,1.08,9
2021,2,표선,,33.310963,126.84267,저층,,18.3,34.73,8.34,7.41,96.8,1.03,9
2021,2,일과,,33.23898,126.218788,표층,,18.4,34.62,8.26,7.64,100.1,0.32,8
2021,2,일과,,33.23898,126.218788,저층,,17.2,34.64,8.24,7.35,94,0.66,8
2021,2,귀덕,,33.449008,126.277462,표층,,17.1,34.88,8.37,8.08,103.5,0.46,8
2021,2,귀덕,,33.449008,126.277462,저층,,16.7,35,8.36,7.77,98.8,1.05,8
2021,2,추자,,33.002008,126.336012,표층,,15.2,34.03,8.37,8.31,101.9,0.83,7
2021,2,추자,,33.002008,126.336012,저층,,14.9,34.22,8.34,7.84,95.7,1.03,7
2021,2,사계,,33.207283,126.312183,표층,,18.4,34.66,8.34,7.74,101.4,0.56,10
2021,2,사계,,33.207283,126.312183,저층,,18.1,34.74,8.33,7.63,99.3,0.86,10
2021,3,조천,,33.547402,126.630983,표층,,25.6,29.72,8.46,7.02,101.7,0.05,10
2021,3,조천,,33.547402,126.630983,저층,,23.7,31.13,8.41,6.87,97,0.58,10
2021,3,평대,,33.539425,126.847253,표층,,26.9,30.99,8.48,7.06,105.2,0.61,9
2021,3,평대,,33.539425,126.847253,저층,,26.1,31.3,8.46,6.98,102.7,1.35,9
2021,3,우도,,33.510485,126.976897,표층,,22.1,32.26,8.38,7.05,97.5,0.52,8
2021,3,우도,,33.510485,126.976897,저층,,19.9,33.24,8.33,6.7,89.6,0.96,8
2021,3,표선,,33.310963,126.84267,표층,,28.8,30.49,8.44,7.32,122.3,1.07,7
2021,3,표선,,33.310963,126.84267,저층,,26.6,31.65,8.43,7.59,113.1,2.93,7
2021,3,일과,,33.23898,126.218788,표층,,25,29.88,8.51,6.84,98.1,0.85,8
2021,3,일과,,33.23898,126.218788,저층,,19.2,33.29,8.34,6.17,81.4,0.45,8
2021,3,귀덕,,33.449008,126.277462,표층,,28,27.5,8.55,6.97,103.8,0.34,9
2021,3,귀덕,,33.449008,126.277462,저층,,22.3,32.02,8.36,6.73,93.2,0.91,9
2021,3,추자,,33.002008,126.336012,표층,,26.6,30.33,8.48,6.79,100.3,0.36,8
2021,3,추자,,33.002008,126.336012,저층,,17,33.15,8.25,5.65,71.4,0.24,8
2021,3,사계,,33.207283,126.312183,표층,,27.2,31.81,8.5,6.66,100.3,0.04,8
2021,3,사계,,33.207283,126.312183,저층,,23.8,32.52,8.42,6.38,91,0.96,8
2021,3,곽지,,33.458617,126.289333,표층,,28.1,28.64,8.53,7.22,108.3,0.68,8
2021,3,곽지,,33.458617,126.289333,저층,,23.3,32.26,8.37,6.14,86.8,0.38,8
2021,4,조천,,33.547402,126.630983,표층,,20.4,33.67,8.33,6.92,93.5,0.67,10
2021,4,조천,,33.547402,126.630983,저층,,20.3,33.7,8.34,6.62,89.2,0.5,10
2021,4,평대,,33.539425,126.847253,표층,,20.6,33.92,8.33,7.04,95.5,0.76,9
2021,4,평대,,33.539425,126.847253,저층,,20.5,33.96,8.34,6.94,94.2,1.14,9
2021,4,우도,,33.510485,126.976897,표층,,21.2,34.13,8.37,7.17,98.5,1.13,12
2021,4,우도,,33.510485,126.976897,저층,,20.4,34.19,8.35,6.55,88.8,1.23,12
2021,4,표선,,33.310963,126.84267,표층,,23,34.18,8.44,6.74,95.7,0.35,15
2021,4,표선,,33.310963,126.84267,저층,,21,33.9,8.4,6.51,89.2,1.24,15
2021,4,일과,,33.23898,126.218788,표층,,22.4,34.24,8.36,6.52,91.6,0.66,10
2021,4,일과,,33.23898,126.218788,저층,,22.4,34.26,8.37,6.48,91.2,0.96,10
2021,4,귀덕,,33.449008,126.277462,표층,,22,33.96,8.41,6.67,92.6,1.08,10
2021,4,귀덕,,33.449008,126.277462,저층,,21.7,33.86,8.39,6.5,90.1,0.9,10
2021,4,추자,,33.002008,126.336012,표층,,17,33.61,8.26,6.51,82.5,0.59,6
2021,4,추자,,33.002008,126.336012,저층,,16.9,33.63,8.27,6.44,81.5,0.99,6
2021,4,사계,,33.207283,126.312183,표층,,18.3,34.47,8.44,7.18,93.7,0.11,10
2021,4,사계,,33.207283,126.312183,저층,,18.3,34.45,8.43,7.03,91.7,0.2,10
2021,4,곽지,,33.458617,126.289333,표층,,20.7,34.9,8.34,7.26,99.3,1.55,10
2021,4,곽지,,33.458617,126.289333,저층,,21.5,34.3,8.37,6.48,89.7,0.87,10
